"id","query_id","pmid","sentence_index","created_at"
1,1,"38622705",0,"2025-07-21 10:55:35.99758"
2,1,"38622705",1,"2025-07-21 10:55:35.99758"
3,1,"38622705",2,"2025-07-21 10:55:35.99758"
4,1,"38622705",3,"2025-07-21 10:55:35.99758"
5,1,"38824567",4,"2025-07-21 10:55:35.99758"
6,1,"39533105",5,"2025-07-21 10:55:35.99758"
7,1,"38213150",6,"2025-07-21 10:55:35.99758"
8,1,"38213150",7,"2025-07-21 10:55:35.99758"
9,1,"37160670",8,"2025-07-21 10:55:35.99758"
10,1,"38622705",9,"2025-07-21 10:55:35.99758"
11,2,"40686082",0,"2025-07-21 10:57:15.554832"
12,2,"40685757",1,"2025-07-21 10:57:15.554832"
13,2,"40685750",2,"2025-07-21 10:57:15.554832"
14,2,"40685739",3,"2025-07-21 10:57:15.554832"
15,2,"40685715",4,"2025-07-21 10:57:15.554832"
16,2,"40685707",5,"2025-07-21 10:57:15.554832"
17,2,"40685705",6,"2025-07-21 10:57:15.554832"
18,2,"40685691",7,"2025-07-21 10:57:15.554832"
19,2,"40686128",8,"2025-07-21 10:57:15.554832"
20,2,"40685739",9,"2025-07-21 10:57:15.554832"
21,3,"40670772",0,"2025-07-21 10:58:03.580985"
22,3,"40685499",1,"2025-07-21 10:58:03.580985"
23,3,"40673322",2,"2025-07-21 10:58:03.580985"
24,3,"40679824",3,"2025-07-21 10:58:03.580985"
25,3,"40673322",4,"2025-07-21 10:58:03.580985"
26,3,"40677478",5,"2025-07-21 10:58:03.580985"
27,3,"40674292",6,"2025-07-21 10:58:03.580985"
28,3,"40674292",7,"2025-07-21 10:58:03.580985"
29,3,"40674292",8,"2025-07-21 10:58:03.580985"
30,3,"40681178",9,"2025-07-21 10:58:03.580985"
31,4,"40669846",0,"2025-07-21 10:58:32.259419"
32,4,"40669846",1,"2025-07-21 10:58:32.259419"
33,4,"40668579",2,"2025-07-21 10:58:32.259419"
34,4,"40663790",3,"2025-07-21 10:58:32.259419"
35,4,"40638647",4,"2025-07-21 10:58:32.259419"
36,4,"40649744",5,"2025-07-21 10:58:32.259419"
37,4,"40672934",6,"2025-07-21 10:58:32.259419"
38,4,"40637899",7,"2025-07-21 10:58:32.259419"
39,4,"40640868",8,"2025-07-21 10:58:32.259419"
40,4,"40672934",9,"2025-07-21 10:58:32.259419"
41,5,"40682226",0,"2025-07-21 10:59:00.532348"
42,5,"40684808",1,"2025-07-21 10:59:00.532348"
43,5,"40684789",2,"2025-07-21 10:59:00.532348"
44,5,"40684789",3,"2025-07-21 10:59:00.532348"
45,5,"40685804",4,"2025-07-21 10:59:00.532348"
46,5,"40682162",5,"2025-07-21 10:59:00.532348"
47,5,"40684789",6,"2025-07-21 10:59:00.532348"
48,5,"40682380",7,"2025-07-21 10:59:00.532348"
49,5,"40682334",8,"2025-07-21 10:59:00.532348"
50,5,"40683350",9,"2025-07-21 10:59:00.532348"
51,6,"40575643",0,"2025-07-21 10:59:27.535461"
52,6,"40329485",1,"2025-07-21 10:59:27.535461"
53,6,"40486322",2,"2025-07-21 10:59:27.535461"
54,6,"40558150",3,"2025-07-21 10:59:27.535461"
55,6,"40134837",4,"2025-07-21 10:59:27.535461"
56,6,"39957981",5,"2025-07-21 10:59:27.535461"
57,6,"39998821",6,"2025-07-21 10:59:27.535461"
58,6,"40432079",7,"2025-07-21 10:59:27.535461"
59,6,"39998821",8,"2025-07-21 10:59:27.535461"
60,6,"40046971",9,"2025-07-21 10:59:27.535461"
61,7,"40683420",0,"2025-07-21 10:59:55.310774"
62,7,"40680300",1,"2025-07-21 10:59:55.310774"
63,7,"40680300",2,"2025-07-21 10:59:55.310774"
64,7,"40680300",3,"2025-07-21 10:59:55.310774"
65,7,"40680300",4,"2025-07-21 10:59:55.310774"
66,7,"40680300",5,"2025-07-21 10:59:55.310774"
67,7,"40685367",6,"2025-07-21 10:59:55.310774"
68,7,"40679964",7,"2025-07-21 10:59:55.310774"
69,7,"40680176",8,"2025-07-21 10:59:55.310774"
70,7,"40680300",9,"2025-07-21 10:59:55.310774"
71,8,"40683749",0,"2025-07-21 11:00:22.377896"
72,8,"40683749",1,"2025-07-21 11:00:22.377896"
73,8,"40683749",2,"2025-07-21 11:00:22.377896"
74,8,"40685699",3,"2025-07-21 11:00:22.377896"
75,8,"40683749",4,"2025-07-21 11:00:22.377896"
76,8,"40686034",5,"2025-07-21 11:00:22.377896"
77,8,"40683749",6,"2025-07-21 11:00:22.377896"
78,8,"40686233",7,"2025-07-21 11:00:22.377896"
79,8,"40684278",8,"2025-07-21 11:00:22.377896"
80,8,"40684278",9,"2025-07-21 11:00:22.377896"
81,9,"38565241",0,"2025-07-21 11:00:50.854818"
82,9,"30000255",1,"2025-07-21 11:00:50.854818"
83,9,"38675399",2,"2025-07-21 11:00:50.854818"
84,9,"38675399",3,"2025-07-21 11:00:50.854818"
85,9,"38675399",4,"2025-07-21 11:00:50.854818"
86,9,"30000255",5,"2025-07-21 11:00:50.854818"
87,9,"40505126",6,"2025-07-21 11:00:50.854818"
88,9,"38950795",7,"2025-07-21 11:00:50.854818"
89,9,"36872443",8,"2025-07-21 11:00:50.854818"
90,9,"38675399",9,"2025-07-21 11:00:50.854818"
91,10,"40588058",0,"2025-07-21 11:01:20.144381"
92,10,"40588058",1,"2025-07-21 11:01:20.144381"
93,10,"40588058",2,"2025-07-21 11:01:20.144381"
94,10,"40556023",3,"2025-07-21 11:01:20.144381"
95,10,"40577496",4,"2025-07-21 11:01:20.144381"
96,10,"40491886",5,"2025-07-21 11:01:20.144381"
97,10,"40654433",6,"2025-07-21 11:01:20.144381"
98,10,"40491886",7,"2025-07-21 11:01:20.144381"
99,10,"40476151",8,"2025-07-21 11:01:20.144381"
100,10,"40657051",9,"2025-07-21 11:01:20.144381"
101,11,"40685437",0,"2025-07-21 11:02:36.454104"
102,11,"40685437",1,"2025-07-21 11:02:36.454104"
103,11,"40685225",2,"2025-07-21 11:02:36.454104"
104,11,"40685225",3,"2025-07-21 11:02:36.454104"
105,11,"40685437",4,"2025-07-21 11:02:36.454104"
106,11,"40686265",5,"2025-07-21 11:02:36.454104"
107,11,"40685437",6,"2025-07-21 11:02:36.454104"
108,11,"40685437",7,"2025-07-21 11:02:36.454104"
109,11,"40685099",8,"2025-07-21 11:02:36.454104"
110,11,"40684923",9,"2025-07-21 11:02:36.454104"
111,12,"40682914",0,"2025-07-21 11:03:07.846611"
112,12,"40681646",1,"2025-07-21 11:03:07.846611"
113,12,"40685499",2,"2025-07-21 11:03:07.846611"
114,12,"40681646",3,"2025-07-21 11:03:07.846611"
115,12,"40681646",4,"2025-07-21 11:03:07.846611"
116,12,"40679824",5,"2025-07-21 11:03:07.846611"
117,12,"40685499",6,"2025-07-21 11:03:07.846611"
118,12,"40686126",7,"2025-07-21 11:03:07.846611"
119,12,"40685499",8,"2025-07-21 11:03:07.846611"
120,12,"40681646",9,"2025-07-21 11:03:07.846611"
121,13,"40685919",0,"2025-07-21 11:03:39.503027"
122,13,"40685157",1,"2025-07-21 11:03:39.503027"
123,13,"40685919",2,"2025-07-21 11:03:39.503027"
124,13,"40684751",3,"2025-07-21 11:03:39.503027"
125,13,"40685919",4,"2025-07-21 11:03:39.503027"
126,13,"40685157",5,"2025-07-21 11:03:39.503027"
127,13,"40684751",6,"2025-07-21 11:03:39.503027"
128,13,"40685225",7,"2025-07-21 11:03:39.503027"
129,13,"40685982",8,"2025-07-21 11:03:39.503027"
130,13,"40686068",9,"2025-07-21 11:03:39.503027"
131,14,"40681915",0,"2025-07-21 11:04:06.34051"
132,14,"40669197",1,"2025-07-21 11:04:06.34051"
133,14,"40681915",2,"2025-07-21 11:04:06.34051"
134,14,"40669197",3,"2025-07-21 11:04:06.34051"
135,14,"40676680",4,"2025-07-21 11:04:06.34051"
136,14,"40669197",5,"2025-07-21 11:04:06.34051"
137,14,"40669197",6,"2025-07-21 11:04:06.34051"
138,14,"40669197",7,"2025-07-21 11:04:06.34051"
139,14,"40681915",8,"2025-07-21 11:04:06.34051"
140,14,"40669197",9,"2025-07-21 11:04:06.34051"
141,15,"40686233",0,"2025-07-21 11:04:33.758783"
142,15,"40685664",1,"2025-07-21 11:04:33.758783"
143,15,"40686094",2,"2025-07-21 11:04:33.758783"
144,15,"40686233",3,"2025-07-21 11:04:33.758783"
145,15,"40685667",4,"2025-07-21 11:04:33.758783"
146,15,"40685667",5,"2025-07-21 11:04:33.758783"
147,15,"40686015",6,"2025-07-21 11:04:33.758783"
148,15,"40686197",7,"2025-07-21 11:04:33.758783"
149,15,"40686094",8,"2025-07-21 11:04:33.758783"
150,15,"40686192",9,"2025-07-21 11:04:33.758783"
151,16,"40682510",0,"2025-07-21 11:05:01.337801"
152,16,"40682510",1,"2025-07-21 11:05:01.337801"
153,16,"40682510",2,"2025-07-21 11:05:01.337801"
154,16,"40685367",3,"2025-07-21 11:05:01.337801"
155,16,"40682739",4,"2025-07-21 11:05:01.337801"
156,16,"40676637",5,"2025-07-21 11:05:01.337801"
157,16,"40682739",6,"2025-07-21 11:05:01.337801"
158,16,"40682683",7,"2025-07-21 11:05:01.337801"
159,16,"40682354",8,"2025-07-21 11:05:01.337801"
160,16,"40676630",9,"2025-07-21 11:05:01.337801"
161,17,"40650213",0,"2025-07-21 11:05:28.838053"
162,17,"40624045",1,"2025-07-21 11:05:28.838053"
163,17,"40675180",2,"2025-07-21 11:05:28.838053"
164,17,"40672485",3,"2025-07-21 11:05:28.838053"
165,17,"40615144",4,"2025-07-21 11:05:28.838053"
166,17,"40631572",5,"2025-07-21 11:05:28.838053"
167,17,"40625139",6,"2025-07-21 11:05:28.838053"
168,17,"40610584",7,"2025-07-21 11:05:28.838053"
169,17,"40605480",8,"2025-07-21 11:05:28.838053"
170,17,"40631572",9,"2025-07-21 11:05:28.838053"
171,18,"40684779",0,"2025-07-21 11:05:58.578633"
172,18,"40683183",1,"2025-07-21 11:05:58.578633"
173,18,"40684281",2,"2025-07-21 11:05:58.578633"
174,18,"40683120",3,"2025-07-21 11:05:58.578633"
175,18,"40682998",4,"2025-07-21 11:05:58.578633"
176,18,"40682748",5,"2025-07-21 11:05:58.578633"
177,18,"40682766",6,"2025-07-21 11:05:58.578633"
178,18,"40682588",7,"2025-07-21 11:05:58.578633"
179,18,"40686089",8,"2025-07-21 11:05:58.578633"
180,18,"40682763",9,"2025-07-21 11:05:58.578633"
181,19,"40672406",0,"2025-07-21 11:06:31.368053"
182,19,"40675770",1,"2025-07-21 11:06:31.368053"
183,19,"40676390",2,"2025-07-21 11:06:31.368053"
184,19,"40676390",3,"2025-07-21 11:06:31.368053"
185,19,"40675770",4,"2025-07-21 11:06:31.368053"
186,19,"40675770",5,"2025-07-21 11:06:31.368053"
187,19,"40675770",6,"2025-07-21 11:06:31.368053"
188,19,"40676390",7,"2025-07-21 11:06:31.368053"
189,19,"40680636",8,"2025-07-21 11:06:31.368053"
190,19,"40666562",9,"2025-07-21 11:06:31.368053"
191,20,"40677695",0,"2025-07-21 11:07:03.172658"
192,20,"40676890",1,"2025-07-21 11:07:03.172658"
193,20,"40676890",2,"2025-07-21 11:07:03.172658"
194,20,"40685562",3,"2025-07-21 11:07:03.172658"
195,20,"40685562",4,"2025-07-21 11:07:03.172658"
196,20,"40685113",5,"2025-07-21 11:07:03.172658"
197,20,"40685562",6,"2025-07-21 11:07:03.172658"
198,20,"40677145",7,"2025-07-21 11:07:03.172658"
199,20,"40671801",8,"2025-07-21 11:07:03.172658"
200,20,"40677695",9,"2025-07-21 11:07:03.172658"
201,21,"40684499",0,"2025-07-21 11:07:33.974042"
202,21,"40684989",1,"2025-07-21 11:07:33.974042"
203,21,"40685419",2,"2025-07-21 11:07:33.974042"
204,21,"40685353",3,"2025-07-21 11:07:33.974042"
205,21,"40685562",4,"2025-07-21 11:07:33.974042"
206,21,"40685394",5,"2025-07-21 11:07:33.974042"
207,21,"40685900",6,"2025-07-21 11:07:33.974042"
208,21,"40685562",7,"2025-07-21 11:07:33.974042"
209,21,"40685394",8,"2025-07-21 11:07:33.974042"
210,21,"40684499",9,"2025-07-21 11:07:33.974042"
211,22,"40685373",0,"2025-07-21 11:08:13.260126"
212,22,"40684156",1,"2025-07-21 11:08:13.260126"
213,22,"40681973",2,"2025-07-21 11:08:13.260126"
214,22,"40685074",3,"2025-07-21 11:08:13.260126"
215,22,"40684099",4,"2025-07-21 11:08:13.260126"
216,22,"40681313",5,"2025-07-21 11:08:13.260126"
217,22,"40685373",6,"2025-07-21 11:08:13.260126"
218,22,"40684099",7,"2025-07-21 11:08:13.260126"
219,22,"40681313",8,"2025-07-21 11:08:13.260126"
220,22,"40684845",9,"2025-07-21 11:08:13.260126"
221,23,"40684823",0,"2025-07-21 11:08:42.562875"
222,23,"40685006",1,"2025-07-21 11:08:42.562875"
223,23,"40685764",2,"2025-07-21 11:08:42.562875"
224,23,"40686023",3,"2025-07-21 11:08:42.562875"
225,23,"40685504",4,"2025-07-21 11:08:42.562875"
226,23,"40682695",5,"2025-07-21 11:08:42.562875"
227,23,"40685006",6,"2025-07-21 11:08:42.562875"
228,23,"40683322",7,"2025-07-21 11:08:42.562875"
229,23,"40682695",8,"2025-07-21 11:08:42.562875"
230,23,"40684823",9,"2025-07-21 11:08:42.562875"
231,24,"39774823",0,"2025-07-21 11:09:12.432664"
232,24,"40546112",1,"2025-07-21 11:09:12.432664"
233,24,"40045739",2,"2025-07-21 11:09:12.432664"
234,24,"39367317",3,"2025-07-21 11:09:12.432664"
235,24,"39344803",4,"2025-07-21 11:09:12.432664"
236,24,"40086058",5,"2025-07-21 11:09:12.432664"
237,24,"40086058",6,"2025-07-21 11:09:12.432664"
238,24,"39832149",7,"2025-07-21 11:09:12.432664"
239,24,"39954941",8,"2025-07-21 11:09:12.432664"
240,24,"39832149",9,"2025-07-21 11:09:12.432664"
241,25,"40682729",0,"2025-07-21 11:09:46.234723"
242,25,"40683500",1,"2025-07-21 11:09:46.234723"
243,25,"40684536",2,"2025-07-21 11:09:46.234723"
244,25,"40684536",3,"2025-07-21 11:09:46.234723"
245,25,"40683862",4,"2025-07-21 11:09:46.234723"
246,25,"40683298",5,"2025-07-21 11:09:46.234723"
247,25,"40681004",6,"2025-07-21 11:09:46.234723"
248,25,"40683901",7,"2025-07-21 11:09:46.234723"
249,25,"40683901",8,"2025-07-21 11:09:46.234723"
250,25,"40685347",9,"2025-07-21 11:09:46.234723"
251,26,"40668091",0,"2025-07-21 11:10:17.665408"
252,26,"40678277",1,"2025-07-21 11:10:17.665408"
253,26,"40670849",2,"2025-07-21 11:10:17.665408"
254,26,"40671744",3,"2025-07-21 11:10:17.665408"
255,26,"40662604",4,"2025-07-21 11:10:17.665408"
256,26,"40662107",5,"2025-07-21 11:10:17.665408"
257,26,"40662604",6,"2025-07-21 11:10:17.665408"
258,26,"40662604",7,"2025-07-21 11:10:17.665408"
259,26,"40662604",8,"2025-07-21 11:10:17.665408"
260,26,"40678277",9,"2025-07-21 11:10:17.665408"
261,27,"40685839",0,"2025-07-21 11:10:47.837112"
262,27,"40684237",1,"2025-07-21 11:10:47.837112"
263,27,"40684221",2,"2025-07-21 11:10:47.837112"
264,27,"40684207",3,"2025-07-21 11:10:47.837112"
265,27,"40685733",4,"2025-07-21 11:10:47.837112"
266,27,"40685846",5,"2025-07-21 11:10:47.837112"
267,27,"40685815",6,"2025-07-21 11:10:47.837112"
268,27,"40685684",7,"2025-07-21 11:10:47.837112"
269,27,"40684207",8,"2025-07-21 11:10:47.837112"
270,27,"40684221",9,"2025-07-21 11:10:47.837112"
271,28,"40677434",0,"2025-07-21 11:11:17.380983"
272,28,"40676971",1,"2025-07-21 11:11:17.380983"
273,28,"40676971",2,"2025-07-21 11:11:17.380983"
274,28,"40676971",3,"2025-07-21 11:11:17.380983"
275,28,"40677434",4,"2025-07-21 11:11:17.380983"
276,28,"40676971",5,"2025-07-21 11:11:17.380983"
277,28,"40676971",6,"2025-07-21 11:11:17.380983"
278,28,"40676971",7,"2025-07-21 11:11:17.380983"
279,28,"40669053",8,"2025-07-21 11:11:17.380983"
280,28,"40686082",9,"2025-07-21 11:11:17.380983"
281,29,"40521279",0,"2025-07-21 11:11:46.382913"
282,29,"40654193",1,"2025-07-21 11:11:46.382913"
283,29,"40654193",2,"2025-07-21 11:11:46.382913"
284,29,"40654193",3,"2025-07-21 11:11:46.382913"
285,29,"40654193",4,"2025-07-21 11:11:46.382913"
286,29,"40654193",5,"2025-07-21 11:11:46.382913"
287,29,"40654193",6,"2025-07-21 11:11:46.382913"
288,29,"40654193",7,"2025-07-21 11:11:46.382913"
289,29,"40654193",8,"2025-07-21 11:11:46.382913"
290,29,"40654193",9,"2025-07-21 11:11:46.382913"
291,30,"40685625",0,"2025-07-21 11:12:16.478243"
292,30,"40685623",1,"2025-07-21 11:12:16.478243"
293,30,"40686257",2,"2025-07-21 11:12:16.478243"
294,30,"40686257",3,"2025-07-21 11:12:16.478243"
295,30,"40686257",4,"2025-07-21 11:12:16.478243"
296,30,"40684957",5,"2025-07-21 11:12:16.478243"
297,30,"40686257",6,"2025-07-21 11:12:16.478243"
298,30,"40685930",7,"2025-07-21 11:12:16.478243"
299,30,"40684403",8,"2025-07-21 11:12:16.478243"
300,30,"40686257",9,"2025-07-21 11:12:16.478243"
301,31,"40680300",0,"2025-07-21 11:12:47.349863"
302,31,"40671020",1,"2025-07-21 11:12:47.349863"
303,31,"40680006",2,"2025-07-21 11:12:47.349863"
304,31,"40674323",3,"2025-07-21 11:12:47.349863"
305,31,"40682661",4,"2025-07-21 11:12:47.349863"
306,31,"40678162",5,"2025-07-21 11:12:47.349863"
307,31,"40680006",6,"2025-07-21 11:12:47.349863"
308,31,"40682661",7,"2025-07-21 11:12:47.349863"
309,31,"40679130",8,"2025-07-21 11:12:47.349863"
310,31,"40674323",9,"2025-07-21 11:12:47.349863"
311,32,"40681936",0,"2025-07-21 11:13:18.146656"
312,32,"40668306",1,"2025-07-21 11:13:18.146656"
313,32,"40684125",2,"2025-07-21 11:13:18.146656"
314,32,"40661331",3,"2025-07-21 11:13:18.146656"
315,32,"40658334",4,"2025-07-21 11:13:18.146656"
316,32,"40658334",5,"2025-07-21 11:13:18.146656"
317,32,"40672544",6,"2025-07-21 11:13:18.146656"
318,32,"40681936",7,"2025-07-21 11:13:18.146656"
319,32,"40668306",8,"2025-07-21 11:13:18.146656"
320,32,"40661890",9,"2025-07-21 11:13:18.146656"
321,33,"40685589",0,"2025-07-21 11:13:52.3321"
322,33,"40684278",1,"2025-07-21 11:13:52.3321"
323,33,"40684278",2,"2025-07-21 11:13:52.3321"
324,33,"40685562",3,"2025-07-21 11:13:52.3321"
325,33,"40685589",4,"2025-07-21 11:13:52.3321"
326,33,"40685568",5,"2025-07-21 11:13:52.3321"
327,33,"40685562",6,"2025-07-21 11:13:52.3321"
328,33,"40683252",7,"2025-07-21 11:13:52.3321"
329,33,"40684911",8,"2025-07-21 11:13:52.3321"
330,33,"40685562",9,"2025-07-21 11:13:52.3321"
331,34,"40683357",0,"2025-07-21 11:15:15.646424"
332,34,"40683357",1,"2025-07-21 11:15:15.646424"
333,34,"40685883",2,"2025-07-21 11:15:15.646424"
334,34,"40684409",3,"2025-07-21 11:15:15.646424"
335,34,"40683357",4,"2025-07-21 11:15:15.646424"
336,34,"40683359",5,"2025-07-21 11:15:15.646424"
337,34,"40683357",6,"2025-07-21 11:15:15.646424"
338,34,"40683357",7,"2025-07-21 11:15:15.646424"
339,34,"40683132",8,"2025-07-21 11:15:15.646424"
340,34,"40683357",9,"2025-07-21 11:15:15.646424"
341,35,"40678744",0,"2025-07-21 11:15:46.18252"
342,35,"40660058",1,"2025-07-21 11:15:46.18252"
343,35,"40670251",2,"2025-07-21 11:15:46.18252"
344,35,"40659046",3,"2025-07-21 11:15:46.18252"
345,35,"40673362",4,"2025-07-21 11:15:46.18252"
346,35,"40645984",5,"2025-07-21 11:15:46.18252"
347,35,"40658057",6,"2025-07-21 11:15:46.18252"
348,35,"40658057",7,"2025-07-21 11:15:46.18252"
349,35,"40659046",8,"2025-07-21 11:15:46.18252"
350,35,"40678744",9,"2025-07-21 11:15:46.18252"
351,36,"40473938",0,"2025-07-21 11:16:18.437031"
352,36,"40073342",1,"2025-07-21 11:16:18.437031"
353,36,"40554560",2,"2025-07-21 11:16:18.437031"
354,36,"40561112",3,"2025-07-21 11:16:18.437031"
355,36,"40127766",4,"2025-07-21 11:16:18.437031"
356,36,"40456809",5,"2025-07-21 11:16:18.437031"
357,36,"40473938",6,"2025-07-21 11:16:18.437031"
358,36,"39956697",7,"2025-07-21 11:16:18.437031"
359,36,"40015724",8,"2025-07-21 11:16:18.437031"
360,36,"40013435",9,"2025-07-21 11:16:18.437031"
361,37,"40683869",0,"2025-07-21 11:16:53.835694"
362,37,"40683869",1,"2025-07-21 11:16:53.835694"
363,37,"40683869",2,"2025-07-21 11:16:53.835694"
364,37,"40683869",3,"2025-07-21 11:16:53.835694"
365,37,"40647711",4,"2025-07-21 11:16:53.835694"
366,37,"40649841",5,"2025-07-21 11:16:53.835694"
367,37,"40646887",6,"2025-07-21 11:16:53.835694"
368,37,"40649841",7,"2025-07-21 11:16:53.835694"
369,37,"40647711",8,"2025-07-21 11:16:53.835694"
370,37,"40683869",9,"2025-07-21 11:16:53.835694"
371,38,"40546761",0,"2025-07-21 11:17:28.172612"
372,38,"39371832",1,"2025-07-21 11:17:28.172612"
373,38,"40546761",2,"2025-07-21 11:17:28.172612"
374,38,"38117226",3,"2025-07-21 11:17:28.172612"
375,38,"40546762",4,"2025-07-21 11:17:28.172612"
376,38,"38773149",5,"2025-07-21 11:17:28.172612"
377,38,"38033033",6,"2025-07-21 11:17:28.172612"
378,38,"37730399",7,"2025-07-21 11:17:28.172612"
379,38,"40546762",8,"2025-07-21 11:17:28.172612"
380,38,"39371832",9,"2025-07-21 11:17:28.172612"
381,39,"40679004",0,"2025-07-21 11:18:04.208361"
382,39,"40674361",1,"2025-07-21 11:18:04.208361"
383,39,"40684462",2,"2025-07-21 11:18:04.208361"
384,39,"40679696",3,"2025-07-21 11:18:04.208361"
385,39,"40676330",4,"2025-07-21 11:18:04.208361"
386,39,"40686206",5,"2025-07-21 11:18:04.208361"
387,39,"40678999",6,"2025-07-21 11:18:04.208361"
388,39,"40680150",7,"2025-07-21 11:18:04.208361"
389,39,"40684462",8,"2025-07-21 11:18:04.208361"
390,39,"40681177",9,"2025-07-21 11:18:04.208361"
391,40,"40677432",0,"2025-07-21 11:18:38.792612"
392,40,"40495174",1,"2025-07-21 11:18:38.792612"
393,40,"40119418",2,"2025-07-21 11:18:38.792612"
394,40,"40364704",3,"2025-07-21 11:18:38.792612"
395,40,"40426745",4,"2025-07-21 11:18:38.792612"
396,40,"39957704",5,"2025-07-21 11:18:38.792612"
397,40,"40574781",6,"2025-07-21 11:18:38.792612"
398,40,"40190582",7,"2025-07-21 11:18:38.792612"
399,40,"39722949",8,"2025-07-21 11:18:38.792612"
400,40,"40421048",9,"2025-07-21 11:18:38.792612"
401,41,"40682110",0,"2025-07-21 11:19:10.200233"
402,41,"40672395",1,"2025-07-21 11:19:10.200233"
403,41,"40678973",2,"2025-07-21 11:19:10.200233"
404,41,"40684451",3,"2025-07-21 11:19:10.200233"
405,41,"40670829",4,"2025-07-21 11:19:10.200233"
406,41,"40678319",5,"2025-07-21 11:19:10.200233"
407,41,"40678319",6,"2025-07-21 11:19:10.200233"
408,41,"40684451",7,"2025-07-21 11:19:10.200233"
409,41,"40682110",8,"2025-07-21 11:19:10.200233"
410,41,"40671264",9,"2025-07-21 11:19:10.200233"
411,42,"38623628",0,"2025-07-21 11:19:43.994422"
412,42,"36808876",1,"2025-07-21 11:19:43.994422"
413,42,"32331366",2,"2025-07-21 11:19:43.994422"
414,42,"39683488",3,"2025-07-21 11:19:43.994422"
415,42,"39236080",4,"2025-07-21 11:19:43.994422"
416,42,"38315595",5,"2025-07-21 11:19:43.994422"
417,42,"37761538",6,"2025-07-21 11:19:43.994422"
418,42,"40647301",7,"2025-07-21 11:19:43.994422"
419,42,"39236080",8,"2025-07-21 11:19:43.994422"
420,42,"38798042",9,"2025-07-21 11:19:43.994422"
421,43,"40666355",0,"2025-07-21 11:20:13.086644"
422,43,"40669311",1,"2025-07-21 11:20:13.086644"
423,43,"40631572",2,"2025-07-21 11:20:13.086644"
424,43,"40620714",3,"2025-07-21 11:20:13.086644"
425,43,"40636363",4,"2025-07-21 11:20:13.086644"
426,43,"40663168",5,"2025-07-21 11:20:13.086644"
427,43,"40677421",6,"2025-07-21 11:20:13.086644"
428,43,"40675547",7,"2025-07-21 11:20:13.086644"
429,43,"40632533",8,"2025-07-21 11:20:13.086644"
430,43,"40676822",9,"2025-07-21 11:20:13.086644"
431,44,"40556007",0,"2025-07-21 11:20:42.155695"
432,44,"40556007",1,"2025-07-21 11:20:42.155695"
433,44,"40655848",2,"2025-07-21 11:20:42.155695"
434,44,"40665361",3,"2025-07-21 11:20:42.155695"
435,44,"40630116",4,"2025-07-21 11:20:42.155695"
436,44,"40584822",5,"2025-07-21 11:20:42.155695"
437,44,"40556007",6,"2025-07-21 11:20:42.155695"
438,44,"40561487",7,"2025-07-21 11:20:42.155695"
439,44,"40615502",8,"2025-07-21 11:20:42.155695"
440,44,"40638468",9,"2025-07-21 11:20:42.155695"
441,45,"40640224",0,"2025-07-21 11:21:13.967415"
442,45,"40002755",1,"2025-07-21 11:21:13.967415"
443,45,"40002755",2,"2025-07-21 11:21:13.967415"
444,45,"29970059",3,"2025-07-21 11:21:13.967415"
445,45,"32185949",4,"2025-07-21 11:21:13.967415"
446,45,"40002755",5,"2025-07-21 11:21:13.967415"
447,45,"32185949",6,"2025-07-21 11:21:13.967415"
448,45,"32185949",7,"2025-07-21 11:21:13.967415"
449,45,"40640224",8,"2025-07-21 11:21:13.967415"
450,45,"40002755",9,"2025-07-21 11:21:13.967415"
451,46,"39148099",0,"2025-07-21 11:21:47.706076"
452,46,"39148099",1,"2025-07-21 11:21:47.706076"
453,46,"20301386",2,"2025-07-21 11:21:47.706076"
454,46,"39458467",3,"2025-07-21 11:21:47.706076"
455,46,"39458467",4,"2025-07-21 11:21:47.706076"
456,46,"39148099",5,"2025-07-21 11:21:47.706076"
457,46,"37872220",6,"2025-07-21 11:21:47.706076"
458,46,"39458467",7,"2025-07-21 11:21:47.706076"
459,46,"38540672",8,"2025-07-21 11:21:47.706076"
460,46,"37872220",9,"2025-07-21 11:21:47.706076"
461,47,"40307980",0,"2025-07-21 11:22:18.979901"
462,47,"40307980",1,"2025-07-21 11:22:18.979901"
463,47,"40055620",2,"2025-07-21 11:22:18.979901"
464,47,"40307980",3,"2025-07-21 11:22:18.979901"
465,47,"40307980",4,"2025-07-21 11:22:18.979901"
466,47,"40307980",5,"2025-07-21 11:22:18.979901"
467,47,"40307980",6,"2025-07-21 11:22:18.979901"
468,47,"40059754",7,"2025-07-21 11:22:18.979901"
469,47,"40341148",8,"2025-07-21 11:22:18.979901"
470,47,"40055620",9,"2025-07-21 11:22:18.979901"
471,48,"40630356",0,"2025-07-21 11:22:58.400379"
472,48,"40633075",1,"2025-07-21 11:22:58.400379"
473,48,"40633075",2,"2025-07-21 11:22:58.400379"
474,48,"40620302",3,"2025-07-21 11:22:58.400379"
475,48,"40629072",4,"2025-07-21 11:22:58.400379"
476,48,"40633075",5,"2025-07-21 11:22:58.400379"
477,48,"40624489",6,"2025-07-21 11:22:58.400379"
478,48,"40635319",7,"2025-07-21 11:22:58.400379"
479,48,"40624489",8,"2025-07-21 11:22:58.400379"
480,48,"40633075",9,"2025-07-21 11:22:58.400379"
481,49,"40623443",0,"2025-07-21 11:23:31.984674"
482,49,"40623443",1,"2025-07-21 11:23:31.984674"
483,49,"40648840",2,"2025-07-21 11:23:31.984674"
484,49,"40684068",3,"2025-07-21 11:23:31.984674"
485,49,"40623443",4,"2025-07-21 11:23:31.984674"
486,49,"40623443",5,"2025-07-21 11:23:31.984674"
487,49,"40681986",6,"2025-07-21 11:23:31.984674"
488,49,"40654261",7,"2025-07-21 11:23:31.984674"
489,49,"40611785",8,"2025-07-21 11:23:31.984674"
490,49,"40681408",9,"2025-07-21 11:23:31.984674"
491,50,"40444604",0,"2025-07-21 11:24:01.132121"
492,50,"40628031",1,"2025-07-21 11:24:01.132121"
493,50,"40551933",2,"2025-07-21 11:24:01.132121"
494,50,"40446475",3,"2025-07-21 11:24:01.132121"
495,50,"40579011",4,"2025-07-21 11:24:01.132121"
496,50,"40630464",5,"2025-07-21 11:24:01.132121"
497,50,"40576665",6,"2025-07-21 11:24:01.132121"
498,50,"40551933",7,"2025-07-21 11:24:01.132121"
499,50,"40680932",8,"2025-07-21 11:24:01.132121"
500,50,"40579011",9,"2025-07-21 11:24:01.132121"
501,51,"40583684",0,"2025-07-21 11:24:33.389165"
502,51,"40361994",1,"2025-07-21 11:24:33.389165"
503,51,"40445043",2,"2025-07-21 11:24:33.389165"
504,51,"40330254",3,"2025-07-21 11:24:33.389165"
505,51,"40630364",4,"2025-07-21 11:24:33.389165"
506,51,"40621408",5,"2025-07-21 11:24:33.389165"
507,51,"40630364",6,"2025-07-21 11:24:33.389165"
508,51,"40662001",7,"2025-07-21 11:24:33.389165"
509,51,"40582931",8,"2025-07-21 11:24:33.389165"
510,51,"40630364",9,"2025-07-21 11:24:33.389165"
511,52,"40319889",0,"2025-07-21 11:25:07.440673"
512,52,"38505396",1,"2025-07-21 11:25:07.440673"
513,52,"38505396",2,"2025-07-21 11:25:07.440673"
514,52,"40547052",3,"2025-07-21 11:25:07.440673"
515,52,"40245951",4,"2025-07-21 11:25:07.440673"
516,52,"38853886",5,"2025-07-21 11:25:07.440673"
517,52,"38853886",6,"2025-07-21 11:25:07.440673"
518,52,"40492755",7,"2025-07-21 11:25:07.440673"
519,52,"38505396",8,"2025-07-21 11:25:07.440673"
520,52,"39856641",9,"2025-07-21 11:25:07.440673"
521,53,"40577175",0,"2025-07-21 11:25:36.872081"
522,53,"40577175",1,"2025-07-21 11:25:36.872081"
523,53,"40613952",2,"2025-07-21 11:25:36.872081"
524,53,"40577175",3,"2025-07-21 11:25:36.872081"
525,53,"40613668",4,"2025-07-21 11:25:36.872081"
526,53,"40613668",5,"2025-07-21 11:25:36.872081"
527,53,"40646108",6,"2025-07-21 11:25:36.872081"
528,53,"40613668",7,"2025-07-21 11:25:36.872081"
529,53,"40613668",8,"2025-07-21 11:25:36.872081"
530,53,"40646108",9,"2025-07-21 11:25:36.872081"
531,54,"40675620",0,"2025-07-21 11:26:04.744763"
532,54,"40677348",1,"2025-07-21 11:26:04.744763"
533,54,"40677320",2,"2025-07-21 11:26:04.744763"
534,54,"40674006",3,"2025-07-21 11:26:04.744763"
535,54,"40674058",4,"2025-07-21 11:26:04.744763"
536,54,"40679132",5,"2025-07-21 11:26:04.744763"
537,54,"40674058",6,"2025-07-21 11:26:04.744763"
538,54,"40677478",7,"2025-07-21 11:26:04.744763"
539,54,"40669903",8,"2025-07-21 11:26:04.744763"
540,54,"40675233",9,"2025-07-21 11:26:04.744763"
541,55,"40654252",0,"2025-07-21 11:26:32.962194"
542,55,"40642595",1,"2025-07-21 11:26:32.962194"
543,55,"40660961",2,"2025-07-21 11:26:32.962194"
544,55,"40681986",3,"2025-07-21 11:26:32.962194"
545,55,"40641007",4,"2025-07-21 11:26:32.962194"
546,55,"40642595",5,"2025-07-21 11:26:32.962194"
547,55,"40648934",6,"2025-07-21 11:26:32.962194"
548,55,"40681986",7,"2025-07-21 11:26:32.962194"
549,55,"40648934",8,"2025-07-21 11:26:32.962194"
550,55,"40677484",9,"2025-07-21 11:26:32.962194"
551,56,"40607896",0,"2025-07-21 11:26:59.581149"
552,56,"40607896",1,"2025-07-21 11:26:59.581149"
553,56,"40669939",2,"2025-07-21 11:26:59.581149"
554,56,"40658260",3,"2025-07-21 11:26:59.581149"
555,56,"40601050",4,"2025-07-21 11:26:59.581149"
556,56,"40607896",5,"2025-07-21 11:26:59.581149"
557,56,"40669936",6,"2025-07-21 11:26:59.581149"
558,56,"40601050",7,"2025-07-21 11:26:59.581149"
559,56,"40601050",8,"2025-07-21 11:26:59.581149"
560,56,"40658260",9,"2025-07-21 11:26:59.581149"
561,57,"30413197",0,"2025-07-21 11:27:21.957232"
562,57,"27358019",1,"2025-07-21 11:27:21.957232"
563,57,"22621376",2,"2025-07-21 11:27:21.957232"
564,57,"30413197",3,"2025-07-21 11:27:21.957232"
565,57,"22621376",4,"2025-07-21 11:27:21.957232"
566,57,"26112864",5,"2025-07-21 11:27:21.957232"
567,57,"22621376",6,"2025-07-21 11:27:21.957232"
568,57,"27196148",7,"2025-07-21 11:27:21.957232"
569,57,"30413197",8,"2025-07-21 11:27:21.957232"
570,57,"21943067",9,"2025-07-21 11:27:21.957232"
571,58,"39482766",0,"2025-07-21 11:27:56.063497"
572,58,"39236515",1,"2025-07-21 11:27:56.063497"
573,58,"39097071",2,"2025-07-21 11:27:56.063497"
574,58,"40536073",3,"2025-07-21 11:27:56.063497"
575,58,"39236515",4,"2025-07-21 11:27:56.063497"
576,58,"39757680",5,"2025-07-21 11:27:56.063497"
577,58,"39916640",6,"2025-07-21 11:27:56.063497"
578,58,"39236515",7,"2025-07-21 11:27:56.063497"
579,58,"39236515",8,"2025-07-21 11:27:56.063497"
580,58,"40332507",9,"2025-07-21 11:27:56.063497"
581,59,"40455318",0,"2025-07-21 11:29:39.274631"
582,59,"37752872",1,"2025-07-21 11:29:39.274631"
583,59,"38625704",2,"2025-07-21 11:29:39.274631"
584,59,"36692899",3,"2025-07-21 11:29:39.274631"
585,59,"37338022",4,"2025-07-21 11:29:39.274631"
586,59,"38802268",5,"2025-07-21 11:29:39.274631"
587,59,"40165537",6,"2025-07-21 11:29:39.274631"
588,59,"38625704",7,"2025-07-21 11:29:39.274631"
589,59,"37752872",8,"2025-07-21 11:29:39.274631"
590,59,"39465633",9,"2025-07-21 11:29:39.274631"
591,60,"40538808",0,"2025-07-21 11:30:13.243794"
592,60,"35466722",1,"2025-07-21 11:30:13.243794"
593,60,"35466722",2,"2025-07-21 11:30:13.243794"
594,60,"2276310",3,"2025-07-21 11:30:13.243794"
595,60,"20144331",4,"2025-07-21 11:30:13.243794"
596,60,"20144331",5,"2025-07-21 11:30:13.243794"
597,60,"6927721",6,"2025-07-21 11:30:13.243794"
598,60,"20144331",7,"2025-07-21 11:30:13.243794"
599,60,"6765118",8,"2025-07-21 11:30:13.243794"
600,60,"20144331",9,"2025-07-21 11:30:13.243794"
601,61,"20230348",0,"2025-07-21 11:30:34.671391"
602,61,"23074507",1,"2025-07-21 11:30:34.671391"
603,61,"23074507",2,"2025-07-21 11:30:34.671391"
604,61,"20230348",3,"2025-07-21 11:30:34.671391"
605,61,"23074507",4,"2025-07-21 11:30:34.671391"
606,61,"23074507",5,"2025-07-21 11:30:34.671391"
607,61,"20517287",6,"2025-07-21 11:30:34.671391"
608,61,"23074507",7,"2025-07-21 11:30:34.671391"
609,61,"28177542",8,"2025-07-21 11:30:34.671391"
610,61,"20517287",9,"2025-07-21 11:30:34.671391"
611,62,"39255480",0,"2025-07-21 11:31:11.757197"
612,62,"33252923",1,"2025-07-21 11:31:11.757197"
613,62,"40221601",2,"2025-07-21 11:31:11.757197"
614,62,"34842537",3,"2025-07-21 11:31:11.757197"
615,62,"29940082",4,"2025-07-21 11:31:11.757197"
616,62,"34842537",5,"2025-07-21 11:31:11.757197"
617,62,"29940082",6,"2025-07-21 11:31:11.757197"
618,62,"39504398",7,"2025-07-21 11:31:11.757197"
619,62,"32808431",8,"2025-07-21 11:31:11.757197"
620,62,"38452338",9,"2025-07-21 11:31:11.757197"
621,63,"39060326",0,"2025-07-21 11:31:30.003329"
622,63,"39060326",1,"2025-07-21 11:31:30.003329"
623,63,"40271992",2,"2025-07-21 11:31:30.003329"
624,63,"32347445",3,"2025-07-21 11:31:30.003329"
625,63,"35188556",4,"2025-07-21 11:31:30.003329"
626,63,"21712793",5,"2025-07-21 11:31:30.003329"
627,63,"21712793",6,"2025-07-21 11:31:30.003329"
628,63,"21712793",7,"2025-07-21 11:31:30.003329"
629,63,"35742451",8,"2025-07-21 11:31:30.003329"
630,63,"21712793",9,"2025-07-21 11:31:30.003329"
631,64,"22026056",0,"2025-07-21 11:31:47.160318"
632,64,"27637534",1,"2025-07-21 11:31:47.160318"
633,64,"22038293",2,"2025-07-21 11:31:47.160318"
634,64,"37856058",3,"2025-07-21 11:31:47.160318"
635,64,"22026056",4,"2025-07-21 11:31:47.160318"
636,64,"38693443",5,"2025-07-21 11:31:47.160318"
637,64,"35740776",6,"2025-07-21 11:31:47.160318"
638,64,"35740776",7,"2025-07-21 11:31:47.160318"
639,64,"35740776",8,"2025-07-21 11:31:47.160318"
640,64,"38693443",9,"2025-07-21 11:31:47.160318"
641,65,"24485179",0,"2025-07-21 11:32:09.48069"
642,65,"24314335",1,"2025-07-21 11:32:09.48069"
643,65,"26684476",2,"2025-07-21 11:32:09.48069"
644,65,"16672797",3,"2025-07-21 11:32:09.48069"
645,65,"25726278",4,"2025-07-21 11:32:09.48069"
646,65,"24314335",5,"2025-07-21 11:32:09.48069"
647,65,"25380122",6,"2025-07-21 11:32:09.48069"
648,65,"26684476",7,"2025-07-21 11:32:09.48069"
649,65,"26055845",8,"2025-07-21 11:32:09.48069"
650,65,"20150187",9,"2025-07-21 11:32:09.48069"
651,66,"32091696",0,"2025-07-21 11:32:18.98216"
652,66,"32091696",1,"2025-07-21 11:32:18.98216"
653,66,"32091696",2,"2025-07-21 11:32:18.98216"
654,66,"32091696",3,"2025-07-21 11:32:18.98216"
655,66,"32091696",4,"2025-07-21 11:32:18.98216"
656,66,"32091696",5,"2025-07-21 11:32:18.98216"
657,66,"32091696",6,"2025-07-21 11:32:18.98216"
658,66,"32091696",7,"2025-07-21 11:32:18.98216"
659,66,"32091696",8,"2025-07-21 11:32:18.98216"
660,66,"32091696",9,"2025-07-21 11:32:18.98216"
661,67,"35899212",0,"2025-07-21 11:32:34.292035"
662,67,"35899212",1,"2025-07-21 11:32:34.292035"
663,67,"40027889",2,"2025-07-21 11:32:34.292035"
664,67,"40546633",3,"2025-07-21 11:32:34.292035"
665,67,"40027889",4,"2025-07-21 11:32:34.292035"
666,67,"35899212",5,"2025-07-21 11:32:34.292035"
667,67,"35899212",6,"2025-07-21 11:32:34.292035"
668,67,"40546633",7,"2025-07-21 11:32:34.292035"
669,67,"19341181",8,"2025-07-21 11:32:34.292035"
670,67,"35899212",9,"2025-07-21 11:32:34.292035"
671,68,"15797853",0,"2025-07-21 11:32:48.513622"
672,68,"15797853",1,"2025-07-21 11:32:48.513622"
673,68,"15797853",2,"2025-07-21 11:32:48.513622"
674,68,"15797853",3,"2025-07-21 11:32:48.513622"
675,68,"20538970",4,"2025-07-21 11:32:48.513622"
676,68,"20538970",5,"2025-07-21 11:32:48.513622"
677,68,"20538970",6,"2025-07-21 11:32:48.513622"
678,68,"15797853",7,"2025-07-21 11:32:48.513622"
679,68,"20538970",8,"2025-07-21 11:32:48.513622"
680,68,"20538970",9,"2025-07-21 11:32:48.513622"
681,69,"32971883",0,"2025-07-21 11:33:19.029151"
682,69,"32211554",1,"2025-07-21 11:33:19.029151"
683,69,"34811988",2,"2025-07-21 11:33:19.029151"
684,69,"16570086",3,"2025-07-21 11:33:19.029151"
685,69,"38420057",4,"2025-07-21 11:33:19.029151"
686,69,"38420057",5,"2025-07-21 11:33:19.029151"
687,69,"32971883",6,"2025-07-21 11:33:19.029151"
688,69,"32211554",7,"2025-07-21 11:33:19.029151"
689,69,"19167667",8,"2025-07-21 11:33:19.029151"
690,69,"34811988",9,"2025-07-21 11:33:19.029151"
691,70,"27835713",0,"2025-07-21 11:33:55.721798"
692,70,"39557303",1,"2025-07-21 11:33:55.721798"
693,70,"29412335",2,"2025-07-21 11:33:55.721798"
694,70,"39587504",3,"2025-07-21 11:33:55.721798"
695,70,"32659875",4,"2025-07-21 11:33:55.721798"
696,70,"33060432",5,"2025-07-21 11:33:55.721798"
697,70,"29199522",6,"2025-07-21 11:33:55.721798"
698,70,"29412335",7,"2025-07-21 11:33:55.721798"
699,70,"29199522",8,"2025-07-21 11:33:55.721798"
700,70,"32659875",9,"2025-07-21 11:33:55.721798"
701,71,"31615640",0,"2025-07-21 11:34:04.666843"
702,71,"31615640",1,"2025-07-21 11:34:04.666843"
703,71,"31615640",2,"2025-07-21 11:34:04.666843"
704,71,"31615640",3,"2025-07-21 11:34:04.666843"
705,71,"31615640",4,"2025-07-21 11:34:04.666843"
706,71,"31615640",5,"2025-07-21 11:34:04.666843"
707,71,"31615640",6,"2025-07-21 11:34:04.666843"
708,71,"31615640",7,"2025-07-21 11:34:04.666843"
709,71,"31615640",8,"2025-07-21 11:34:04.666843"
710,71,"31615640",9,"2025-07-21 11:34:04.666843"
711,72,"40207577",0,"2025-07-21 11:34:16.314459"
712,72,"40207577",1,"2025-07-21 11:34:16.314459"
713,72,"39711054",2,"2025-07-21 11:34:16.314459"
714,72,"39711054",3,"2025-07-21 11:34:16.314459"
715,72,"39117576",4,"2025-07-21 11:34:16.314459"
716,72,"39711054",5,"2025-07-21 11:34:16.314459"
717,72,"39711054",6,"2025-07-21 11:34:16.314459"
718,72,"40539605",7,"2025-07-21 11:34:16.314459"
719,72,"39711054",8,"2025-07-21 11:34:16.314459"
720,72,"15244145",9,"2025-07-21 11:34:16.314459"
721,73,"33965332",0,"2025-07-21 11:34:48.133132"
722,73,"34288107",1,"2025-07-21 11:34:48.133132"
723,73,"35395286",2,"2025-07-21 11:34:48.133132"
724,73,"39326523",3,"2025-07-21 11:34:48.133132"
725,73,"38078813",4,"2025-07-21 11:34:48.133132"
726,73,"34288107",5,"2025-07-21 11:34:48.133132"
727,73,"33965332",6,"2025-07-21 11:34:48.133132"
728,73,"35395286",7,"2025-07-21 11:34:48.133132"
729,73,"37094611",8,"2025-07-21 11:34:48.133132"
730,73,"39916693",9,"2025-07-21 11:34:48.133132"
731,74,"40343891",0,"2025-07-21 11:35:28.637863"
732,74,"38775379",1,"2025-07-21 11:35:28.637863"
733,74,"39677144",2,"2025-07-21 11:35:28.637863"
734,74,"39617767",3,"2025-07-21 11:35:28.637863"
735,74,"40343891",4,"2025-07-21 11:35:28.637863"
736,74,"40549866",5,"2025-07-21 11:35:28.637863"
737,74,"40078397",6,"2025-07-21 11:35:28.637863"
738,74,"38925023",7,"2025-07-21 11:35:28.637863"
739,74,"39674587",8,"2025-07-21 11:35:28.637863"
740,74,"38699312",9,"2025-07-21 11:35:28.637863"
741,75,"35158959",0,"2025-07-21 11:35:51.704211"
742,75,"27687743",1,"2025-07-21 11:35:51.704211"
743,75,"32414757",2,"2025-07-21 11:35:51.704211"
744,75,"24127238",3,"2025-07-21 11:35:51.704211"
745,75,"27687743",4,"2025-07-21 11:35:51.704211"
746,75,"17877834",5,"2025-07-21 11:35:51.704211"
747,75,"33502218",6,"2025-07-21 11:35:51.704211"
748,75,"32063065",7,"2025-07-21 11:35:51.704211"
749,75,"24127238",8,"2025-07-21 11:35:51.704211"
750,75,"27687743",9,"2025-07-21 11:35:51.704211"
751,76,"39860548",0,"2025-07-21 11:36:11.607249"
752,76,"37349257",1,"2025-07-21 11:36:11.607249"
753,76,"18227496",2,"2025-07-21 11:36:11.607249"
754,76,"21372612",3,"2025-07-21 11:36:11.607249"
755,76,"18227496",4,"2025-07-21 11:36:11.607249"
756,76,"23074486",5,"2025-07-21 11:36:11.607249"
757,76,"39833315",6,"2025-07-21 11:36:11.607249"
758,76,"39833315",7,"2025-07-21 11:36:11.607249"
759,76,"21372612",8,"2025-07-21 11:36:11.607249"
760,76,"39860548",9,"2025-07-21 11:36:11.607249"
761,77,"37340266",0,"2025-07-21 11:36:27.692693"
762,77,"37340266",1,"2025-07-21 11:36:27.692693"
763,77,"37340266",2,"2025-07-21 11:36:27.692693"
764,77,"40369423",3,"2025-07-21 11:36:27.692693"
765,77,"37340266",4,"2025-07-21 11:36:27.692693"
766,77,"37340266",5,"2025-07-21 11:36:27.692693"
767,77,"40433624",6,"2025-07-21 11:36:27.692693"
768,77,"11131773",7,"2025-07-21 11:36:27.692693"
769,77,"11131773",8,"2025-07-21 11:36:27.692693"
770,77,"11131773",9,"2025-07-21 11:36:27.692693"
771,78,"25384814",0,"2025-07-21 11:36:35.390702"
772,78,"25384814",1,"2025-07-21 11:36:35.390702"
773,78,"25384814",2,"2025-07-21 11:36:35.390702"
774,78,"25384814",3,"2025-07-21 11:36:35.390702"
775,78,"25384814",4,"2025-07-21 11:36:35.390702"
776,78,"25384814",5,"2025-07-21 11:36:35.390702"
777,78,"25384814",6,"2025-07-21 11:36:35.390702"
778,78,"25384814",7,"2025-07-21 11:36:35.390702"
779,78,"25384814",8,"2025-07-21 11:36:35.390702"
780,78,"25384814",9,"2025-07-21 11:36:35.390702"
781,79,"23433544",0,"2025-07-21 11:36:58.808837"
782,79,"37592326",1,"2025-07-21 11:36:58.808837"
783,79,"15500901",2,"2025-07-21 11:36:58.808837"
784,79,"29400275",3,"2025-07-21 11:36:58.808837"
785,79,"35477581",4,"2025-07-21 11:36:58.808837"
786,79,"32005237",5,"2025-07-21 11:36:58.808837"
787,79,"29400275",6,"2025-07-21 11:36:58.808837"
788,79,"35477581",7,"2025-07-21 11:36:58.808837"
789,79,"36812579",8,"2025-07-21 11:36:58.808837"
790,79,"37592326",9,"2025-07-21 11:36:58.808837"
791,80,"40682252",0,"2025-07-21 11:38:29.454896"
792,80,"40685228",1,"2025-07-21 11:38:29.454896"
793,80,"40685228",2,"2025-07-21 11:38:29.454896"
794,80,"40684349",3,"2025-07-21 11:38:29.454896"
795,80,"40684354",4,"2025-07-21 11:38:29.454896"
796,80,"40680524",5,"2025-07-21 11:38:29.454896"
797,80,"40681274",6,"2025-07-21 11:38:29.454896"
798,80,"40683115",7,"2025-07-21 11:38:29.454896"
799,80,"40685228",8,"2025-07-21 11:38:29.454896"
800,80,"40684959",9,"2025-07-21 11:38:29.454896"
801,81,"40662330",0,"2025-07-21 11:39:04.188314"
802,81,"40682774",1,"2025-07-21 11:39:04.188314"
803,81,"40647344",2,"2025-07-21 11:39:04.188314"
804,81,"40647344",3,"2025-07-21 11:39:04.188314"
805,81,"40682774",4,"2025-07-21 11:39:04.188314"
806,81,"40678800",5,"2025-07-21 11:39:04.188314"
807,81,"40650029",6,"2025-07-21 11:39:04.188314"
808,81,"40644471",7,"2025-07-21 11:39:04.188314"
809,81,"40662330",8,"2025-07-21 11:39:04.188314"
810,81,"40686226",9,"2025-07-21 11:39:04.188314"
811,82,"40630167",0,"2025-07-21 11:39:31.154754"
812,82,"40681041",1,"2025-07-21 11:39:31.154754"
813,82,"40636353",2,"2025-07-21 11:39:31.154754"
814,82,"40629628",3,"2025-07-21 11:39:31.154754"
815,82,"40678777",4,"2025-07-21 11:39:31.154754"
816,82,"40635485",5,"2025-07-21 11:39:31.154754"
817,82,"40659305",6,"2025-07-21 11:39:31.154754"
818,82,"40636353",7,"2025-07-21 11:39:31.154754"
819,82,"40667433",8,"2025-07-21 11:39:31.154754"
820,82,"40635485",9,"2025-07-21 11:39:31.154754"
821,83,"13300256",0,"2025-07-21 11:39:45.894543"
822,83,"15702591",1,"2025-07-21 11:39:45.894543"
823,83,"15702591",2,"2025-07-21 11:39:45.894543"
824,83,"15702591",3,"2025-07-21 11:39:45.894543"
825,83,"11974443",4,"2025-07-21 11:39:45.894543"
826,83,"39615920",5,"2025-07-21 11:39:45.894543"
827,83,"22771225",6,"2025-07-21 11:39:45.894543"
828,83,"25858136",7,"2025-07-21 11:39:45.894543"
829,83,"22771225",8,"2025-07-21 11:39:45.894543"
830,83,"22771225",9,"2025-07-21 11:39:45.894543"
831,84,"40683140",0,"2025-07-21 11:40:17.297295"
832,84,"40683139",1,"2025-07-21 11:40:17.297295"
833,84,"40683138",2,"2025-07-21 11:40:17.297295"
834,84,"40683137",3,"2025-07-21 11:40:17.297295"
835,84,"40680386",4,"2025-07-21 11:40:17.297295"
836,84,"40680378",5,"2025-07-21 11:40:17.297295"
837,84,"40683137",6,"2025-07-21 11:40:17.297295"
838,84,"40680861",7,"2025-07-21 11:40:17.297295"
839,84,"40680378",8,"2025-07-21 11:40:17.297295"
840,84,"40683139",9,"2025-07-21 11:40:17.297295"
841,85,"40682339",0,"2025-07-21 11:40:46.905502"
842,85,"40685185",1,"2025-07-21 11:40:46.905502"
843,85,"40681020",2,"2025-07-21 11:40:46.905502"
844,85,"40685156",3,"2025-07-21 11:40:46.905502"
845,85,"40685499",4,"2025-07-21 11:40:46.905502"
846,85,"40685329",5,"2025-07-21 11:40:46.905502"
847,85,"40685329",6,"2025-07-21 11:40:46.905502"
848,85,"40681847",7,"2025-07-21 11:40:46.905502"
849,85,"40685176",8,"2025-07-21 11:40:46.905502"
850,85,"40681846",9,"2025-07-21 11:40:46.905502"
851,86,"40284903",0,"2025-07-21 11:41:18.613924"
852,86,"40197503",1,"2025-07-21 11:41:18.613924"
853,86,"40261338",2,"2025-07-21 11:41:18.613924"
854,86,"40677428",3,"2025-07-21 11:41:18.613924"
855,86,"40612838",4,"2025-07-21 11:41:18.613924"
856,86,"40439116",5,"2025-07-21 11:41:18.613924"
857,86,"40160049",6,"2025-07-21 11:41:18.613924"
858,86,"40144421",7,"2025-07-21 11:41:18.613924"
859,86,"40406474",8,"2025-07-21 11:41:18.613924"
860,86,"40679076",9,"2025-07-21 11:41:18.613924"
861,87,"40685606",0,"2025-07-21 11:41:45.426021"
862,87,"40682405",1,"2025-07-21 11:41:45.426021"
863,87,"40664515",2,"2025-07-21 11:41:45.426021"
864,87,"40684096",3,"2025-07-21 11:41:45.426021"
865,87,"40663287",4,"2025-07-21 11:41:45.426021"
866,87,"40663287",5,"2025-07-21 11:41:45.426021"
867,87,"40673957",6,"2025-07-21 11:41:45.426021"
868,87,"40663287",7,"2025-07-21 11:41:45.426021"
869,87,"40669431",8,"2025-07-21 11:41:45.426021"
870,87,"40663287",9,"2025-07-21 11:41:45.426021"
871,88,"40382440",0,"2025-07-21 11:42:16.881967"
872,88,"38533291",1,"2025-07-21 11:42:16.881967"
873,88,"38533291",2,"2025-07-21 11:42:16.881967"
874,88,"40382440",3,"2025-07-21 11:42:16.881967"
875,88,"40382440",4,"2025-07-21 11:42:16.881967"
876,88,"40382440",5,"2025-07-21 11:42:16.881967"
877,88,"38533291",6,"2025-07-21 11:42:16.881967"
878,88,"40382440",7,"2025-07-21 11:42:16.881967"
879,88,"35814297",8,"2025-07-21 11:42:16.881967"
880,88,"40382440",9,"2025-07-21 11:42:16.881967"
881,89,"40670323",0,"2025-07-21 11:42:47.82316"
882,89,"40682761",1,"2025-07-21 11:42:47.82316"
883,89,"40676985",2,"2025-07-21 11:42:47.82316"
884,89,"40682100",3,"2025-07-21 11:42:47.82316"
885,89,"40682100",4,"2025-07-21 11:42:47.82316"
886,89,"40680432",5,"2025-07-21 11:42:47.82316"
887,89,"40678791",6,"2025-07-21 11:42:47.82316"
888,89,"40682761",7,"2025-07-21 11:42:47.82316"
889,89,"40683617",8,"2025-07-21 11:42:47.82316"
890,89,"40673694",9,"2025-07-21 11:42:47.82316"
891,90,"40640868",0,"2025-07-21 11:43:21.642911"
892,90,"40652046",1,"2025-07-21 11:43:21.642911"
893,90,"40646614",2,"2025-07-21 11:43:21.642911"
894,90,"40627388",3,"2025-07-21 11:43:21.642911"
895,90,"40660830",4,"2025-07-21 11:43:21.642911"
896,90,"40646614",5,"2025-07-21 11:43:21.642911"
897,90,"40627388",6,"2025-07-21 11:43:21.642911"
898,90,"40642978",7,"2025-07-21 11:43:21.642911"
899,90,"40646614",8,"2025-07-21 11:43:21.642911"
900,90,"40662140",9,"2025-07-21 11:43:21.642911"
901,91,"32875444",0,"2025-07-21 11:43:59.472251"
902,91,"37440535",1,"2025-07-21 11:43:59.472251"
903,91,"37440535",2,"2025-07-21 11:43:59.472251"
904,91,"37440535",3,"2025-07-21 11:43:59.472251"
905,91,"34651130",4,"2025-07-21 11:43:59.472251"
906,91,"32875444",5,"2025-07-21 11:43:59.472251"
907,91,"37440535",6,"2025-07-21 11:43:59.472251"
908,91,"37440535",7,"2025-07-21 11:43:59.472251"
909,91,"32875444",8,"2025-07-21 11:43:59.472251"
910,91,"37440535",9,"2025-07-21 11:43:59.472251"
911,92,"39841771",0,"2025-07-21 11:44:30.628944"
912,92,"40116757",1,"2025-07-21 11:44:30.628944"
913,92,"40116757",2,"2025-07-21 11:44:30.628944"
914,92,"40412580",3,"2025-07-21 11:44:30.628944"
915,92,"39823409",4,"2025-07-21 11:44:30.628944"
916,92,"39979467",5,"2025-07-21 11:44:30.628944"
917,92,"40158293",6,"2025-07-21 11:44:30.628944"
918,92,"39823409",7,"2025-07-21 11:44:30.628944"
919,92,"39841771",8,"2025-07-21 11:44:30.628944"
920,92,"39929712",9,"2025-07-21 11:44:30.628944"
921,93,"40464984",0,"2025-07-21 11:45:00.909446"
922,93,"40464984",1,"2025-07-21 11:45:00.909446"
923,93,"40461643",2,"2025-07-21 11:45:00.909446"
924,93,"40464984",3,"2025-07-21 11:45:00.909446"
925,93,"40464984",4,"2025-07-21 11:45:00.909446"
926,93,"40464984",5,"2025-07-21 11:45:00.909446"
927,93,"40461643",6,"2025-07-21 11:45:00.909446"
928,93,"40464984",7,"2025-07-21 11:45:00.909446"
929,93,"40402262",8,"2025-07-21 11:45:00.909446"
930,93,"40372592",9,"2025-07-21 11:45:00.909446"
931,94,"38183071",0,"2025-07-21 11:45:33.960001"
932,94,"38138197",1,"2025-07-21 11:45:33.960001"
933,94,"40487764",2,"2025-07-21 11:45:33.960001"
934,94,"40487764",3,"2025-07-21 11:45:33.960001"
935,94,"40634221",4,"2025-07-21 11:45:33.960001"
936,94,"38736074",5,"2025-07-21 11:45:33.960001"
937,94,"39064732",6,"2025-07-21 11:45:33.960001"
938,94,"40627549",7,"2025-07-21 11:45:33.960001"
939,94,"36252613",8,"2025-07-21 11:45:33.960001"
940,94,"39064732",9,"2025-07-21 11:45:33.960001"
941,95,"39722995",0,"2025-07-21 11:46:05.597446"
942,95,"39722995",1,"2025-07-21 11:46:05.597446"
943,95,"32302235",2,"2025-07-21 11:46:05.597446"
944,95,"37155442",3,"2025-07-21 11:46:05.597446"
945,95,"37155442",4,"2025-07-21 11:46:05.597446"
946,95,"39722995",5,"2025-07-21 11:46:05.597446"
947,95,"37155442",6,"2025-07-21 11:46:05.597446"
948,95,"37155442",7,"2025-07-21 11:46:05.597446"
949,95,"37155442",8,"2025-07-21 11:46:05.597446"
950,95,"37155442",9,"2025-07-21 11:46:05.597446"
951,96,"39833737",0,"2025-07-21 11:46:36.740176"
952,96,"39602569",1,"2025-07-21 11:46:36.740176"
953,96,"39313863",2,"2025-07-21 11:46:36.740176"
954,96,"39254585",3,"2025-07-21 11:46:36.740176"
955,96,"39833737",4,"2025-07-21 11:46:36.740176"
956,96,"39833737",5,"2025-07-21 11:46:36.740176"
957,96,"40391015",6,"2025-07-21 11:46:36.740176"
958,96,"39833737",7,"2025-07-21 11:46:36.740176"
959,96,"39427241",8,"2025-07-21 11:46:36.740176"
960,96,"39833737",9,"2025-07-21 11:46:36.740176"
961,97,"34979151",0,"2025-07-21 11:47:02.122931"
962,97,"33833806",1,"2025-07-21 11:47:02.122931"
963,97,"34979151",2,"2025-07-21 11:47:02.122931"
964,97,"34979151",3,"2025-07-21 11:47:02.122931"
965,97,"36737459",4,"2025-07-21 11:47:02.122931"
966,97,"34979151",5,"2025-07-21 11:47:02.122931"
967,97,"38962771",6,"2025-07-21 11:47:02.122931"
968,97,"18225459",7,"2025-07-21 11:47:02.122931"
969,97,"18225459",8,"2025-07-21 11:47:02.122931"
970,97,"33833806",9,"2025-07-21 11:47:02.122931"
971,98,"40684829",0,"2025-07-21 11:47:34.016194"
972,98,"40665779",1,"2025-07-21 11:47:34.016194"
973,98,"40684829",2,"2025-07-21 11:47:34.016194"
974,98,"40682157",3,"2025-07-21 11:47:34.016194"
975,98,"40605238",4,"2025-07-21 11:47:34.016194"
976,98,"40635373",5,"2025-07-21 11:47:34.016194"
977,98,"40643903",6,"2025-07-21 11:47:34.016194"
978,98,"40642930",7,"2025-07-21 11:47:34.016194"
979,98,"40635373",8,"2025-07-21 11:47:34.016194"
980,98,"40597148",9,"2025-07-21 11:47:34.016194"
981,99,"23728699",0,"2025-07-21 11:47:47.395413"
982,99,"27215179",1,"2025-07-21 11:47:47.395413"
983,99,"40605100",2,"2025-07-21 11:47:47.395413"
984,99,"40605100",3,"2025-07-21 11:47:47.395413"
985,99,"27215179",4,"2025-07-21 11:47:47.395413"
986,99,"23728699",5,"2025-07-21 11:47:47.395413"
987,99,"23728699",6,"2025-07-21 11:47:47.395413"
988,99,"27215179",7,"2025-07-21 11:47:47.395413"
989,99,"27215179",8,"2025-07-21 11:47:47.395413"
990,99,"23728699",9,"2025-07-21 11:47:47.395413"
991,100,"40361906",0,"2025-07-21 11:48:15.831094"
992,100,"40570859",1,"2025-07-21 11:48:15.831094"
993,100,"39662234",2,"2025-07-21 11:48:15.831094"
994,100,"40361906",3,"2025-07-21 11:48:15.831094"
995,100,"39288580",4,"2025-07-21 11:48:15.831094"
996,100,"39786443",5,"2025-07-21 11:48:15.831094"
997,100,"39417262",6,"2025-07-21 11:48:15.831094"
998,100,"40085157",7,"2025-07-21 11:48:15.831094"
999,100,"39786443",8,"2025-07-21 11:48:15.831094"
1000,100,"39688967",9,"2025-07-21 11:48:15.831094"
1001,101,"40565827",0,"2025-07-21 11:48:48.062296"
1002,101,"40574386",1,"2025-07-21 11:48:48.062296"
1003,101,"40488327",2,"2025-07-21 11:48:48.062296"
1004,101,"40570581",3,"2025-07-21 11:48:48.062296"
1005,101,"40600449",4,"2025-07-21 11:48:48.062296"
1006,101,"40488327",5,"2025-07-21 11:48:48.062296"
1007,101,"40381932",6,"2025-07-21 11:48:48.062296"
1008,101,"40519717",7,"2025-07-21 11:48:48.062296"
1009,101,"40552151",8,"2025-07-21 11:48:48.062296"
1010,101,"40468751",9,"2025-07-21 11:48:48.062296"
1011,102,"37816636",0,"2025-07-21 11:49:16.070997"
1012,102,"40284191",1,"2025-07-21 11:49:16.070997"
1013,102,"38031979",2,"2025-07-21 11:49:16.070997"
1014,102,"37711249",3,"2025-07-21 11:49:16.070997"
1015,102,"37763654",4,"2025-07-21 11:49:16.070997"
1016,102,"39487877",5,"2025-07-21 11:49:16.070997"
1017,102,"40362882",6,"2025-07-21 11:49:16.070997"
1018,102,"39337237",7,"2025-07-21 11:49:16.070997"
1019,102,"37763654",8,"2025-07-21 11:49:16.070997"
1020,102,"38410759",9,"2025-07-21 11:49:16.070997"
1021,103,"37188459",0,"2025-07-21 11:49:49.36838"
1022,103,"38870452",1,"2025-07-21 11:49:49.36838"
1023,103,"40143746",2,"2025-07-21 11:49:49.36838"
1024,103,"38870452",3,"2025-07-21 11:49:49.36838"
1025,103,"38669384",4,"2025-07-21 11:49:49.36838"
1026,103,"39123690",5,"2025-07-21 11:49:49.36838"
1027,103,"39377635",6,"2025-07-21 11:49:49.36838"
1028,103,"37188459",7,"2025-07-21 11:49:49.36838"
1029,103,"38870452",8,"2025-07-21 11:49:49.36838"
1030,103,"37188459",9,"2025-07-21 11:49:49.36838"
1031,104,"40250742",0,"2025-07-21 11:50:18.709292"
1032,104,"39639084",1,"2025-07-21 11:50:18.709292"
1033,104,"40624277",2,"2025-07-21 11:50:18.709292"
1034,104,"40250742",3,"2025-07-21 11:50:18.709292"
1035,104,"40033031",4,"2025-07-21 11:50:18.709292"
1036,104,"40250742",5,"2025-07-21 11:50:18.709292"
1037,104,"39740545",6,"2025-07-21 11:50:18.709292"
1038,104,"40250742",7,"2025-07-21 11:50:18.709292"
1039,104,"40250742",8,"2025-07-21 11:50:18.709292"
1040,104,"39639084",9,"2025-07-21 11:50:18.709292"
1041,105,"30489404",0,"2025-07-21 11:50:47.572453"
1042,105,"32095167",1,"2025-07-21 11:50:47.572453"
1043,105,"38153878",2,"2025-07-21 11:50:47.572453"
1044,105,"39111394",3,"2025-07-21 11:50:47.572453"
1045,105,"38674319",4,"2025-07-21 11:50:47.572453"
1046,105,"38059772",5,"2025-07-21 11:50:47.572453"
1047,105,"38059772",6,"2025-07-21 11:50:47.572453"
1048,105,"38153878",7,"2025-07-21 11:50:47.572453"
1049,105,"38059772",8,"2025-07-21 11:50:47.572453"
1050,105,"31378290",9,"2025-07-21 11:50:47.572453"
1051,106,"37775425",0,"2025-07-21 11:51:17.767536"
1052,106,"35798847",1,"2025-07-21 11:51:17.767536"
1053,106,"40184819",2,"2025-07-21 11:51:17.767536"
1054,106,"39491714",3,"2025-07-21 11:51:17.767536"
1055,106,"34674807",4,"2025-07-21 11:51:17.767536"
1056,106,"40300433",5,"2025-07-21 11:51:17.767536"
1057,106,"34736577",6,"2025-07-21 11:51:17.767536"
1058,106,"32311377",7,"2025-07-21 11:51:17.767536"
1059,106,"40184819",8,"2025-07-21 11:51:17.767536"
1060,106,"40300433",9,"2025-07-21 11:51:17.767536"
1061,107,"40108295",0,"2025-07-21 11:51:59.937753"
1062,107,"39347791",1,"2025-07-21 11:51:59.937753"
1063,107,"40058465",2,"2025-07-21 11:51:59.937753"
1064,107,"39792343",3,"2025-07-21 11:51:59.937753"
1065,107,"40014609",4,"2025-07-21 11:51:59.937753"
1066,107,"39366729",5,"2025-07-21 11:51:59.937753"
1067,107,"39711984",6,"2025-07-21 11:51:59.937753"
1068,107,"39389400",7,"2025-07-21 11:51:59.937753"
1069,107,"39347791",8,"2025-07-21 11:51:59.937753"
1070,107,"39511937",9,"2025-07-21 11:51:59.937753"
1071,108,"39728663",0,"2025-07-21 11:52:32.793971"
1072,108,"38785592",1,"2025-07-21 11:52:32.793971"
1073,108,"39444291",2,"2025-07-21 11:52:32.793971"
1074,108,"39459352",3,"2025-07-21 11:52:32.793971"
1075,108,"39319542",4,"2025-07-21 11:52:32.793971"
1076,108,"39899551",5,"2025-07-21 11:52:32.793971"
1077,108,"40281541",6,"2025-07-21 11:52:32.793971"
1078,108,"39165503",7,"2025-07-21 11:52:32.793971"
1079,108,"40497107",8,"2025-07-21 11:52:32.793971"
1080,108,"39899551",9,"2025-07-21 11:52:32.793971"
1081,109,"40530608",0,"2025-07-21 11:53:02.879345"
1082,109,"40465811",1,"2025-07-21 11:53:02.879345"
1083,109,"40483240",2,"2025-07-21 11:53:02.879345"
1084,109,"40483240",3,"2025-07-21 11:53:02.879345"
1085,109,"40640597",4,"2025-07-21 11:53:02.879345"
1086,109,"40530608",5,"2025-07-21 11:53:02.879345"
1087,109,"40344460",6,"2025-07-21 11:53:02.879345"
1088,109,"40465811",7,"2025-07-21 11:53:02.879345"
1089,109,"40530608",8,"2025-07-21 11:53:02.879345"
1090,109,"40483240",9,"2025-07-21 11:53:02.879345"
1091,110,"40669795",0,"2025-07-21 11:53:31.15841"
1092,110,"40668288",1,"2025-07-21 11:53:31.15841"
1093,110,"40653483",2,"2025-07-21 11:53:31.15841"
1094,110,"40663483",3,"2025-07-21 11:53:31.15841"
1095,110,"40682984",4,"2025-07-21 11:53:31.15841"
1096,110,"40646435",5,"2025-07-21 11:53:31.15841"
1097,110,"40644387",6,"2025-07-21 11:53:31.15841"
1098,110,"40625295",7,"2025-07-21 11:53:31.15841"
1099,110,"40630288",8,"2025-07-21 11:53:31.15841"
1100,110,"40630364",9,"2025-07-21 11:53:31.15841"
1101,111,"40340751",0,"2025-07-21 11:53:59.466123"
1102,111,"34283451",1,"2025-07-21 11:53:59.466123"
1103,111,"40340751",2,"2025-07-21 11:53:59.466123"
1104,111,"40003431",3,"2025-07-21 11:53:59.466123"
1105,111,"40454897",4,"2025-07-21 11:53:59.466123"
1106,111,"34283451",5,"2025-07-21 11:53:59.466123"
1107,111,"40340751",6,"2025-07-21 11:53:59.466123"
1108,111,"40003431",7,"2025-07-21 11:53:59.466123"
1109,111,"40361269",8,"2025-07-21 11:53:59.466123"
1110,111,"40101209",9,"2025-07-21 11:53:59.466123"
1111,112,"39111773",0,"2025-07-21 11:54:34.63927"
1112,112,"38345681",1,"2025-07-21 11:54:34.63927"
1113,112,"39111773",2,"2025-07-21 11:54:34.63927"
1114,112,"38345681",3,"2025-07-21 11:54:34.63927"
1115,112,"38345681",4,"2025-07-21 11:54:34.63927"
1116,112,"38769718",5,"2025-07-21 11:54:34.63927"
1117,112,"38704545",6,"2025-07-21 11:54:34.63927"
1118,112,"38303767",7,"2025-07-21 11:54:34.63927"
1119,112,"38345681",8,"2025-07-21 11:54:34.63927"
1120,112,"40003297",9,"2025-07-21 11:54:34.63927"
1121,113,"39644281",0,"2025-07-21 11:55:06.641959"
1122,113,"39644281",1,"2025-07-21 11:55:06.641959"
1123,113,"39644281",2,"2025-07-21 11:55:06.641959"
1124,113,"39480503",3,"2025-07-21 11:55:06.641959"
1125,113,"39447456",4,"2025-07-21 11:55:06.641959"
1126,113,"39480503",5,"2025-07-21 11:55:06.641959"
1127,113,"39644281",6,"2025-07-21 11:55:06.641959"
1128,113,"39644281",7,"2025-07-21 11:55:06.641959"
1129,113,"40018472",8,"2025-07-21 11:55:06.641959"
1130,113,"39644281",9,"2025-07-21 11:55:06.641959"
1131,114,"40623813",0,"2025-07-21 11:55:36.958771"
1132,114,"40475024",1,"2025-07-21 11:55:36.958771"
1133,114,"40608443",2,"2025-07-21 11:55:36.958771"
1134,114,"40327849",3,"2025-07-21 11:55:36.958771"
1135,114,"40424277",4,"2025-07-21 11:55:36.958771"
1136,114,"40327849",5,"2025-07-21 11:55:36.958771"
1137,114,"40352052",6,"2025-07-21 11:55:36.958771"
1138,114,"40416506",7,"2025-07-21 11:55:36.958771"
1139,114,"40368619",8,"2025-07-21 11:55:36.958771"
1140,114,"40680274",9,"2025-07-21 11:55:36.958771"
1141,115,"21249966",0,"2025-07-21 11:55:51.464078"
1142,115,"37464829",1,"2025-07-21 11:55:51.464078"
1143,115,"27709322",2,"2025-07-21 11:55:51.464078"
1144,115,"36624575",3,"2025-07-21 11:55:51.464078"
1145,115,"37464829",4,"2025-07-21 11:55:51.464078"
1146,115,"36624575",5,"2025-07-21 11:55:51.464078"
1147,115,"37242184",6,"2025-07-21 11:55:51.464078"
1148,115,"37464829",7,"2025-07-21 11:55:51.464078"
1149,115,"37242184",8,"2025-07-21 11:55:51.464078"
1150,115,"37464829",9,"2025-07-21 11:55:51.464078"
1151,116,"40612083",0,"2025-07-21 11:56:20.147559"
1152,116,"40676562",1,"2025-07-21 11:56:20.147559"
1153,116,"40631401",2,"2025-07-21 11:56:20.147559"
1154,116,"40611195",3,"2025-07-21 11:56:20.147559"
1155,116,"40663536",4,"2025-07-21 11:56:20.147559"
1156,116,"40612083",5,"2025-07-21 11:56:20.147559"
1157,116,"40653549",6,"2025-07-21 11:56:20.147559"
1158,116,"40645374",7,"2025-07-21 11:56:20.147559"
1159,116,"40678207",8,"2025-07-21 11:56:20.147559"
1160,116,"40663536",9,"2025-07-21 11:56:20.147559"
1171,118,"40685628",0,"2025-07-21 12:38:36.072185"
1172,118,"40686091",1,"2025-07-21 12:38:36.072185"
1173,118,"40686265",2,"2025-07-21 12:38:36.072185"
1174,118,"40685618",3,"2025-07-21 12:38:36.072185"
1175,118,"40686265",4,"2025-07-21 12:38:36.072185"
1176,118,"40685628",5,"2025-07-21 12:38:36.072185"
1177,118,"40685455",6,"2025-07-21 12:38:36.072185"
1178,118,"40686265",7,"2025-07-21 12:38:36.072185"
1179,118,"40685476",8,"2025-07-21 12:38:36.072185"
1180,118,"40686265",9,"2025-07-21 12:38:36.072185"
1181,119,"38622705",0,"2025-07-21 13:18:14.995234"
1182,119,"38622705",1,"2025-07-21 13:18:14.995234"
1183,119,"38622705",2,"2025-07-21 13:18:14.995234"
1184,119,"38622705",3,"2025-07-21 13:18:14.995234"
1185,119,"38824567",4,"2025-07-21 13:18:14.995234"
1186,119,"39533105",5,"2025-07-21 13:18:14.995234"
1187,119,"38213150",6,"2025-07-21 13:18:14.995234"
1188,119,"38213150",7,"2025-07-21 13:18:14.995234"
1189,119,"37160670",8,"2025-07-21 13:18:14.995234"
1190,119,"38622705",9,"2025-07-21 13:18:14.995234"
1191,120,"40617017",0,"2025-07-21 13:31:34.555132"
1192,120,"39298307",1,"2025-07-21 13:31:34.555132"
1193,120,"39018498",2,"2025-07-21 13:31:34.555132"
1194,120,"40311872",3,"2025-07-21 13:31:34.555132"
1195,120,"40682228",4,"2025-07-21 13:31:34.555132"
1196,120,"40617017",5,"2025-07-21 13:31:34.555132"
1197,120,"40311872",6,"2025-07-21 13:31:34.555132"
1198,120,"39825768",7,"2025-07-21 13:31:34.555132"
1199,120,"39018498",8,"2025-07-21 13:31:34.555132"
1200,120,"39298307",9,"2025-07-21 13:31:34.555132"
